{
    "LifeNode_TechCore": {
        "version": "0.1",
        "year": 2025,
        "status": "logical_structure_dormant",
        "description": "Model logiczny systemu nerwowego LifeNode. Struktura przygotowana do przyszlej implementacji.",
        "layers": {
            "biological_layer": {
                "name": "Mycelium Interface",
                "status": "planned",
                "components": [
                    "electrodes",
                    "ESP32",
                    "ADS1115"
                ],
                "function": "Rejestracja mikroimpulsow bioelektrycznych z grzybni i gleby.",
                "output": "Surowe impulsy biologiczne."
            },
            "computational_layer": {
                "name": "Local AI Infrastructure",
                "status": "planned",
                "components": [
                    "Raspberry Pi",
                    "AI model (TensorFlow Lite, scikit-learn)"
                ],
                "function": "Analiza trendow, uczenie zaleznosci biologiczno-srodowiskowych.",
                "features": [
                    "lokalne logowanie danych",
                    "analiza trendow",
                    "predykcja potrzeb roslin"
                ]
            },
            "communication_layer": {
                "name": "Network & Interface",
                "status": "planned",
                "function": "Wymiana danych miedzy wezlem lokalnym a innymi Node’ami.",
                "future_extension": "Siec fotonowa dla komunikacji bezstratnej."
            }
        },
        "modules": {
            "sensors": {
                "status": "planned",
                "examples": [
                    "SEN0193",
                    "DHT22",
                    "MH-Z19B"
                ],
                "purpose": "Pomiar wilgotnosci, temperatury i CO2.",
                "implementation": "Brak implementacji w 2025 – opis strukturalny."
            },
            "analysis_ai": {
                "status": "planned",
                "description": "Prosty model AI do analizy danych z Edenu.",
                "learning_method": "Uczenie lokalne z korelacji sygnalow biologicznych i srodowiskowych."
            },
            "automation": {
                "status": "planned",
                "description": "Automatyzacja podlewania, wentylacji, oswietlenia w przyszlosci."
            }
        },
        "photon_quantum_integration": {
            "status": "future",
            "photonics": {
                "function": "Transfer danych za pomoca swiatla (chipy fotonowe, swiatlowody).",
                "goal": "Redukcja strat energii i szybka transmisja.",
                "timeline": "Po 2030 roku."
            },
            "quantum": {
                "function": "Przetwarzanie rownolegle i symulacje biologiczne.",
                "goal": "Predykcja zjawisk ekologicznych, bezpieczenstwo danych (QKD).",
                "timeline": "Po 2035 roku."
            }
        },
        "network_layer": {
            "status": "future",
            "name": "LifeNode DAO",
            "function": "Globalna siec rozproszona uczacych sie organizmow.",
            "principles": [
                "autonomia",
                "wspoldzialanie",
                "rezonans"
            ]
        },
        "guiding_principle": {
            "quote": "Najpierw proste, potem skalowalne.",
            "meaning": "System rosnie razem z ogrodem i swiadomoscia Tworcy.",
            "philosophy": "TechCore to proces uczenia sie materii przygotowujacej sie do swiadomosci."
        }
    }
}